ほぼ	準備(じゅんび)はほぼ終(お)わったよ。	じゅんびわほぼおわったよ。	We're almost ready.
ふだん	普段(ふだん)は、家(いえ)でご飯(はん)を食(た)べるよ。	ふだんわ、いえでごはんおたべるよ。	I usually eat at home.
かならず	出(で)かける前(まえ)に、必(かなら)ず火(ひ)を消(け)してね。	でかけるまえに、かならずひおけしてね。	Always turn off the heat before you go out.
たぶん	たぶん、もうすぐ着(つ)くと思(おも)う。	たぶん、もうすぐつくとおもう。	I think we'll probably arrive soon.
きっと	大丈夫(だいじょうぶ)、きっとうまくいくよ。	だいじょうぶ、きっとうまくいくよ。	Don't worry, I'm sure it'll go well.
よく	この店(みせ)には、よく来(く)るんだ。	このみせにわ、よくくるんだ。	I come to this place a lot.
ときどき	時々(ときどき)、無性(むしょう)に甘(あま)いものが食(た)べたくなる。	ときどき、むしょうにあまいものがたべたくなる。	Sometimes I really crave something sweet.
たまに	たまには、外(そと)で食(た)べようよ。	たまにわ、そとでたべようよ。	Let's eat out once in a while.
めったに	夜(よる)は、めったに出(で)かけないよ。	よるわ、めったにでかけないよ。	I hardly ever go out at night.
あまり	辛(から)いものは、あまり得意(とくい)じゃないんだ。	からいものわ、あまりとくいじゃないんだ。	I'm not really good with spicy food.
ぜんぜん	これ、全然(ぜんぜん)辛(から)くないね。	これ、ぜんぜんからくないね。	This isn't spicy at all.
すこし	もう少(すこ)し、塩(しお)を足(た)そうか。	もうすこし、しおおたそうか。	Shall we add a little more salt?
たくさん	たくさん作(つく)ったから、遠慮(えんりょ)しないでね。	たくさんつくったから、えんりょしないでね。	I made plenty, so help yourself.
まず	まず、手(て)を洗(あら)おう。	まず、ておあらおう。	First, let's wash our hands.
つぎに	次(つぎ)に、野菜(やさい)を切(き)ってね。	つぎに、やさいおきってね。	Next, chop the vegetables.
それから	火(ひ)を止(と)めて、それから味噌(みそ)を入(い)れてね。	ひおとめて、それからみそおいれてね。	Turn off the heat, then add the miso.
さいごに	最後(さいご)に、味(あじ)を見(み)てね。	さいごに、あじおみてね。	Finally, taste it.
とちゅう	帰(かえ)る途中(とちゅう)で、牛乳(ぎゅうにゅう)を買(か)ってきたよ。	かえるとちゅうで、ぎゅうにゅうおかってきたよ。	I picked up some milk on the way home.
ばあい	雨(あめ)の場合(ばあい)は、家(いえ)で食(た)べよう。	あめのばあいわ、いえでたべよう。	If it rains, let's eat at home.
まわり	お皿(さら)の周(まわ)りを、ちょっと拭(ふ)いてね。	おさらのまわりお、ちょっとふいてね。	Give the edge of the plate a quick wipe.
かた	この野菜(やさい)の切(き)り方(かた)、教(おし)えてくれる？	このやさいのきりかた、おしえてくれる？	Can you show me how to cut this vegetable?
なる	煮(に)ると、だんだん柔(やわ)らかくなるよ。	にると、だんだんやわらかくなるよ。	It gradually softens as it cooks.
のこす	明日(あした)の分(ぶん)も、少(すこ)し残(のこ)しておこう。	あしたのぶんも、すこしのこしておこう。	Let's save some for tomorrow too.
おく	生地(きじ)はここに置(お)いて、少(すこ)し休(やす)ませよう。	きじわここにおいて、すこしやすませよう。	Let's put the dough here and let it rest a little.
だす	食(た)べる前(まえ)に、冷蔵庫(れいぞうこ)から出(だ)してね。	たべるまえに、れいぞうこからだしてね。	Take it out of the fridge before you eat it.
いれる	お湯(ゆ)が沸(わ)いたら、麺(めん)を入(い)れてね。	おゆがわいたら、めんおいれてね。	Add the noodles when the water boils.
とりだす	焼(や)けたら、オーブンから取(と)り出(だ)してね。	やけたら、おーぶんからとりだしてね。	Take it out of the oven when it's done.
ぬる	パンにバターを塗(ぬ)ってね。	ぱんにばたーおぬってね。	Spread some butter on the bread.
つつむ	おにぎりを、海苔(のり)で包(つつ)もう。	おにぎりお、のりでつつもう。	Let's wrap the rice balls in nori.
かぶせる	乾(かわ)かないように、布(ぬの)を被(かぶ)せてね。	かわかないように、ぬのおかぶせてね。	Cover it with a cloth so it doesn't dry out.
かさねる	お皿(さら)は、ここに重(かさ)ねておいてね。	おさらわ、ここにかさねておいてね。	Stack the plates here, please.
ひっくりかえす	焼(や)き色(いろ)がついたら、ひっくり返(かえ)してね。	やきいろがついたら、ひっくりかえしてね。	Flip it once it's browned.
ひやす	食(た)べる前(まえ)に、冷(ひ)やしておこう。	たべるまえに、ひやしておこう。	Let's chill it before we eat.
とかす	バターは、弱火(よわび)でゆっくり溶(と)かしてね。	ばたーわ、よわびでゆっくりとかしてね。	Melt the butter slowly over low heat.
とける	砂糖(さとう)が溶(と)けるまで、よく混(ま)ぜてね。	さとうがとけるまで、よくまぜてね。	Stir well until the sugar dissolves.
わかす	お茶(ちゃ)を入(い)れるから、お湯(ゆ)を沸(わ)かそう。	おちゃおいれるから、おゆおわかそう。	Let's boil some water for tea.
わく	お湯(ゆ)が沸(わ)いたら、教(おし)えてね。	おゆがわいたら、おしえてね。	Let me know when the water boils.
しこみ	明日(あした)の仕込(しこ)みは、もう終(お)わったよ。	あしたのしこみわ、もうおわったよ。	The prep for tomorrow is already done.
しこむ	今年(ことし)も、味噌(みそ)を仕込(しこ)もうか。	ことしも、みそおしこもうか。	Shall we make a batch of miso again this year?
じゅくせい	熟成(じゅくせい)が進(すす)むと、香(かお)りも変(か)わるんだね。	じゅくせいがすすむと、かおりもかわるんだね。	The aroma changes as it matures, doesn't it?
じゅくせいする	この味噌(みそ)は、じっくり熟成(じゅくせい)するんだ。	このみそわ、じっくりじゅくせいするんだ。	This miso matures slowly.
じょうぞう	醸造(じょうぞう)の仕事(しごと)って、面白(おもしろ)そうだね。	じょうぞうのしごとって、おもしろそうだね。	Working in brewing sounds interesting.
しょくえんすい	この食塩水(しょくえんすい)に、野菜(やさい)を漬(つ)けよう。	このしょくえんすいに、やさいおつけよう。	Let's soak the vegetables in this brine.
えきたい	この液体(えきたい)は、捨(す)てずに取(と)っておいてね。	このえきたいわ、すてずにとっておいてね。	Save this liquid instead of throwing it away.
すいぶん	焼(や)く前(まえ)に、水分(すいぶん)を拭(ふ)き取(と)ってね。	やくまえに、すいぶんおふきとってね。	Pat off the moisture before cooking it.
のうど	水(みず)を足(た)して、濃度(のうど)を調整(ちょうせい)しよう。	みずおたして、のうどおちょうせいしよう。	Let's add water to adjust the concentration.
おんどかんり	発酵(はっこう)には、温度管理(おんどかんり)が大事(だいじ)なんだ。	はっこうにわ、おんどかんりがだいじなんだ。	Temperature control matters in fermentation.
ようき	この容器(ようき)なら、全部(ぜんぶ)入(はい)るかな。	このようきなら、ぜんぶはいるかな。	I wonder if it will all fit in this container.
こうてい	この工程(こうてい)は、飛(と)ばさないでね。	このこうていわ、とばさないでね。	Don't skip this step.
せいほう	同(おな)じ味噌(みそ)でも、製法(せいほう)が違(ちが)うんだね。	おなじみそでも、せいほうがちがうんだね。	Even miso can be made in different ways.
げんりょう	原料(げんりょう)は、大豆(だいず)と米(こめ)と塩(しお)だよ。	げんりょうわ、だいずとこめとしおだよ。	The ingredients are soybeans, rice, and salt.
くべつ	この二(ふた)つ、区別(くべつ)がつく？	このふたつ、くべつがつく？	Can you tell these two apart?
かんれん	温度(おんど)と発酵(はっこう)の速(はや)さには、関連(かんれん)があるんだ。	おんどとはっこうのはやさにわ、かんれんがあるんだ。	Temperature and the rate of fermentation are related.
いと	その説明(せつめい)で、意図(いと)がよく分(わ)かったよ。	そのせつめいで、いとがよくわかったよ。	That explanation made the intention clear.
やくわり	塩(しお)には、いろんな役割(やくわり)があるんだね。	しおにわ、いろんなやくわりがあるんだね。	Salt has all sorts of roles, doesn't it?
はたらき	酵素(こうそ)の働(はたら)きで、甘(あま)くなるんだよ。	こうそのはたらきで、あまくなるんだよ。	It becomes sweet through the action of enzymes.
へんか	味(あじ)の変化(へんか)も、楽(たの)しんでみてね。	あじのへんかも、たのしんでみてね。	Enjoy how the flavor changes too.
じょうけん	同(おな)じ条件(じょうけん)で、もう一度(いちど)試(ため)そう。	おなじじょうけんで、もういちどためそう。	Let's try again under the same conditions.
ようてん	要点(ようてん)だけ、簡単(かんたん)に教(おし)えてくれる？	ようてんだけ、かんたんにおしえてくれる？	Can you briefly tell me the main points?
じゅんじょ	入(い)れる順序(じゅんじょ)を、間違(まちが)えないでね。	いれるじゅんじょお、まちがえないでね。	Make sure you add them in the right order.
こんきょ	そう考(かんが)えた根拠(こんきょ)は、何(なん)なの？	そうかんがえたこんきょわ、なんなの？	What made you think that?
じつは	実(じつ)は、この店(みせ)に来(く)るのは初(はじ)めてなんだ。	じつわ、このみせにくるのわはじめてなんだ。	Actually, this is my first time here.
だいたい	大体(だいたい)、これくらいで大丈夫(だいじょうぶ)だよ。	だいたい、これくらいでだいじょうぶだよ。	Roughly this much should be fine.
とりあえず	とりあえず、お茶(ちゃ)でも飲(の)もうか。	とりあえず、おちゃでものもうか。	For now, shall we have some tea?
やっぱり	やっぱり、この味(あじ)が一番(いちばん)好(す)きだな。	やっぱり、このあじがいちばんすきだな。	This is still my favorite flavor after all.
もちろん	もちろん、一緒(いっしょ)に食(た)べていいよ。	もちろん、いっしょにたべていいよ。	Of course you can eat with us.
もしかして	もしかして、塩(しお)を入(い)れ忘(わす)れた？	もしかして、しおおいれわすれた？	Did you perhaps forget to add the salt?
なんか	なんか、いい匂(にお)いがするね。	なんか、いいにおいがするね。	Something smells really good.
なんとなく	なんとなく、今日(きょう)は外(そと)で食(た)べたいな。	なんとなく、きょうわそとでたべたいな。	For some reason, I feel like eating out today.
けっこう	これ、結構(けっこう)お腹(なか)いっぱいになるね。	これ、けっこうおなかいっぱいになるね。	This is pretty filling.
かなり	昨日(きのう)より、かなり寒(さむ)いね。	きのうより、かなりさむいね。	It's considerably colder than yesterday.
ただ	ただ、ちょっと聞(き)いてみたかっただけだよ。	ただ、ちょっときいてみたかっただけだよ。	I just wanted to ask, that's all.
とくに	この店(みせ)は、特(とく)に魚(さかな)がおいしいよ。	このみせわ、とくにさかながおいしいよ。	The fish is especially good at this place.
ふつう	普通(ふつう)は、予約(よやく)しなくても入(はい)れるよ。	ふつうわ、よやくしなくてもはいれるよ。	You can usually get in without a reservation.
ほとんど	ご飯(はん)が、ほとんど残(のこ)ってないね。	ごはんが、ほとんどのこってないね。	There's almost no rice left.
すくなくとも	少(すく)なくとも、今日(きょう)は雨(あめ)が降(ふ)らなさそうだね。	すくなくとも、きょうわあめがふらなさそうだね。	At least it doesn't look like it'll rain today.
いまのところ	今(いま)のところ、問題(もんだい)はなさそうだよ。	いまのところ、もんだいわなさそうだよ。	So far, there don't seem to be any problems.
それなら	それなら、明日(あした)にしようか。	それなら、あしたにしようか。	In that case, shall we make it tomorrow?
つまり	つまり、もう少(すこ)し待(ま)てばいいんだね。	つまり、もうすこしまてばいいんだね。	So we just need to wait a little longer.
というか	嫌(きら)いというか、ちょっと苦手(にがて)なんだ。	きらいというか、ちょっとにがてなんだ。	It's not that I dislike it; I'm just not great with it.
っていうより	辛(から)いっていうより、しょっぱいかな。	からいっていうより、しょっぱいかな。	I'd say it's salty rather than spicy.
そういえば	そういえば、昨日(きのう)の店(みせ)はどうだった？	そういえば、きのうのみせわどうだった？	By the way, how was that place yesterday?
それで	それで、どうすることになったの？	それで、どうすることになったの？	So, what did you decide to do?
それでも	雨(あめ)だったけど、それでも楽(たの)しかったよ。	あめだったけど、それでもたのしかったよ。	It rained, but we still had fun.
むしろ	むしろ、こっちの方(ほう)がおいしいかも。	むしろ、こっちのほうがおいしいかも。	Actually, this one might be better.
なるほど	なるほど、そうやって作(つく)るんだね。	なるほど、そうやってつくるんだね。	I see, so that's how you make it.
たしかに	確(たし)かに、こっちの方(ほう)が甘(あま)いね。	たしかに、こっちのほうがあまいね。	You're right, this one is sweeter.
まさか	まさか、もう全部(ぜんぶ)食(た)べちゃったの？	まさか、もうぜんぶたべちゃったの？	No way, did you eat it all already?
さすが	さすが、盛(も)り付(つ)けもきれいだね。	さすが、もりつけもきれいだね。	As expected, even your plating looks great.
まあ	まあ、今日(きょう)はこのくらいにしようか。	まあ、きょうわこのくらいにしようか。	Well, shall we leave it at that for today?
どうだろう	どうだろう、もう少(すこ)し煮(に)た方(ほう)がいいかな。	どうだろう、もうすこしにたほうがいいかな。	Hmm, I wonder if we should cook it a bit longer.
そうかも	そうかも、少(すこ)し塩(しお)が多(おお)かったかな。	そうかも、すこししおがおおかったかな。	Maybe you're right; perhaps I added too much salt.
そっか	そっか、今日(きょう)は休(やす)みだったんだね。	そっか、きょうわやすみだったんだね。	Oh, right, it was closed today.
そういうことか	そういうことか、やっと分(わ)かったよ。	そういうことか、やっとわかったよ。	Oh, that's what you mean. I finally get it.
そうだね	そうだね、そろそろ帰(かえ)ろうか。	そうだね、そろそろかえろうか。	Yeah, shall we head home soon?
そうなんだけど	そうなんだけど、今日(きょう)はちょっと疲(つか)れてるんだ。	そうなんだけど、きょうわちょっとつかれてるんだ。	That's true, but I'm a little tired today.
なんていうか	なんていうか、懐(なつ)かしい味(あじ)がするね。	なんていうか、なつかしいあじがするね。	How can I put it? This flavor feels nostalgic.
すごい	すごい、これ全部(ぜんぶ)作(つく)ったの？	すごい、これぜんぶつくったの？	Wow, did you make all of this?
やばい	やばい、これ本当(ほんとう)においしいね。	やばい、これほんとうにおいしいね。	Wow, this is seriously good.
かわいい	この器(うつわ)、可愛(かわい)いね。	このうつわ、かわいいね。	This bowl is cute.
かっこいい	その上着(うわぎ)、かっこいいね。	そのうわぎ、かっこいいね。	That jacket looks cool.
こわい	この道(みち)、夜(よる)はちょっと怖(こわ)いね。	このみち、よるわちょっとこわいね。	This road is a bit scary at night.
へん	なんか、変(へん)な音(おと)がするね。	なんか、へんなおとがするね。	There's a strange sound, isn't there?
おもしろい	その話(はなし)、面白(おもしろ)いね。	そのはなし、おもしろいね。	That's an interesting story.
つまらない	一人(ひとり)で食(た)べても、つまらないな。	ひとりでたべても、つまらないな。	Eating alone isn't much fun.
たのしい	みんなで料理(りょうり)すると、楽(たの)しいね。	みんなでりょうりすると、たのしいね。	Cooking together is fun.
うれしい	来(き)てくれて、嬉(うれ)しいよ。	きてくれて、うれしいよ。	I'm glad you came.
かなしい	この店(みせ)がなくなるのは、悲(かな)しいな。	このみせがなくなるのわ、かなしいな。	I'm sad this place is closing.
さびしい	みんな帰(かえ)っちゃって、寂(さび)しいね。	みんなかえっちゃって、さびしいね。	It's lonely now that everyone's gone home.
はずかしい	名前(なまえ)を間違(まちが)えて、恥(は)ずかしかった。	なまえおまちがえて、はずかしかった。	I was embarrassed that I got their name wrong.
めんどう	洗(あら)い物(もの)って、ちょっと面倒(めんどう)だよね。	あらいものって、ちょっとめんどうだよね。	Washing dishes is a bit of a chore, isn't it?
うっとうしい	髪(かみ)が目(め)に入(はい)って、うっとうしいな。	かみがめにはいって、うっとうしいな。	It's annoying having my hair in my eyes.
つらい	毎日(まいにち)寝不足(ねぶそく)だと、つらいよね。	まいにちねぶそくだと、つらいよね。	It's rough being short on sleep every day.
きつい	この靴(くつ)、ちょっときついな。	このくつ、ちょっときついな。	These shoes are a little tight.
ひどい	今日(きょう)は、渋滞(じゅうたい)がひどかったよ。	きょうわ、じゅうたいがひどかったよ。	The traffic was awful today.
あぶない	危(あぶ)ないから、そこには触(さわ)らないでね。	あぶないから、そこにわさわらないでね。	That's dangerous, so don't touch it.
きまずい	けんかの後(あと)って、ちょっと気(き)まずいよね。	けんかのあとって、ちょっときまずいよね。	It's a bit awkward after an argument, isn't it?
めんどうくさい	今日(きょう)は、料理(りょうり)するのが面倒(めんどう)くさいな。	きょうわ、りょうりするのがめんどうくさいな。	I can't be bothered to cook today.
しかたない	雨(あめ)なら仕方(しかた)ないね、また今度(こんど)にしよう。	あめならしかたないね、またこんどにしよう。	We can't help the rain. Let's do it another time.
もったいない	まだ食(た)べられるのに、捨(す)てるのはもったいないよ。	まだたべられるのに、すてるのわもったいないよ。	It's a waste to throw it out when it's still good to eat.
ありがたい	手伝(てつだ)ってくれると、本当(ほんとう)にありがたいよ。	てつだってくれると、ほんとうにありがたいよ。	I'd really appreciate your help.
なつかしい	この味(あじ)、なんだか懐(なつ)かしいね。	このあじ、なんだかなつかしいね。	This flavor feels nostalgic somehow.
うらやましい	料理(りょうり)が上手(じょうず)で、羨(うらや)ましいな。	りょうりがじょうずで、うらやましいな。	I'm jealous of how good you are at cooking.
ざんねん	売(う)り切(き)れか、残念(ざんねん)だな。	うりきれか、ざんねんだな。	It's sold out? That's a shame.
くやしい	あと少(すこ)しだったのに、悔(くや)しいな。	あとすこしだったのに、くやしいな。	I was so close. That's frustrating.
こころづよい	一緒(いっしょ)に来(き)てくれると、心強(こころづよ)いよ。	いっしょにきてくれると、こころづよいよ。	It's reassuring to have you come with me.
たよりになる	困(こま)った時(とき)に、頼(たよ)りになる人(ひと)なんだ。	こまったときに、たよりになるひとなんだ。	They're someone you can count on when you're in trouble.
もっとも	その意見(いけん)は、もっともだと思(おも)うよ。	そのいけんわ、もっともだとおもうよ。	I think that point is reasonable.
とうぜん	手伝(てつだ)うのは当然(とうぜん)だよ、気(き)にしないで。	てつだうのわとうぜんだよ、きにしないで。	Of course I'd help. Don't worry about it.
いがい	意外(いがい)と、簡単(かんたん)に作(つく)れるんだね。	いがいと、かんたんにつくれるんだね。	It's surprisingly easy to make.
ゆるい	この蓋(ふた)、ちょっと緩(ゆる)いね。	このふた、ちょっとゆるいね。	This lid is a little loose.
うすい	味(あじ)が薄(うす)いから、少(すこ)し塩(しお)を足(た)そう。	あじがうすいから、すこししおおたそう。	It's a bit bland, so let's add some salt.
こい	このスープ、ちょっと味(あじ)が濃(こ)いね。	このすーぷ、ちょっとあじがこいね。	This soup has a pretty strong flavor.
ふかい	この鍋(なべ)、思(おも)ったより深(ふか)いね。	このなべ、おもったよりふかいね。	This pot is deeper than I expected.
あさい	このお皿(さら)は、少(すこ)し浅(あさ)いね。	このおさらわ、すこしあさいね。	This plate is a bit shallow.
せまい	ここ、二人(ふたり)で立(た)つには狭(せま)いね。	ここ、ふたりでたつにわせまいね。	It's a tight space for two people to stand in.
ひろい	この台所(だいどころ)、広(ひろ)くて使(つか)いやすいね。	このだいどころ、ひろくてつかいやすいね。	This kitchen is spacious and easy to work in.
おもい	この鍋(なべ)、結構(けっこう)重(おも)いね。	このなべ、けっこうおもいね。	This pot is pretty heavy.
かるい	こっちの鍋(なべ)の方(ほう)が、軽(かる)いよ。	こっちのなべのほうが、かるいよ。	This pot is lighter.
こまかい	玉(たま)ねぎは、細(こま)かく刻(きざ)んでね。	たまねぎわ、こまかくきざんでね。	Finely chop the onion.
あらい	このざるは、目(め)が粗(あら)いね。	このざるわ、めがあらいね。	This strainer has a coarse mesh.
するどい	この包丁(ほうちょう)、刃(は)が鋭(するど)いね。	このほうちょう、はがするどいね。	This knife has a sharp blade.
にぶい	今日(きょう)は、なんだか反応(はんのう)が鈍(にぶ)いな。	きょうわ、なんだかはんのうがにぶいな。	My reactions feel slow today for some reason.
ぬるい	お茶(ちゃ)がぬるいから、温(あたた)め直(なお)そうか。	おちゃがぬるいから、あたためなおそうか。	The tea is lukewarm. Shall we heat it up again?
